{
  "prepare_queue": {
    "installed": [],
    "uninstalled": []
  },
  "config_munge": {
    "files": {}
  },
  "installed_plugins": {
    "cordova-sqlite-storage": {
      "PACKAGE_NAME": "io.cordova.hellocordova"
    }
  },
  "dependent_plugins": {},
  "modules": [
    {
      "file": "plugins/cordova-sqlite-storage/www/SQLitePlugin.js",
      "id": "cordova-sqlite-storage.SQLitePlugin",
      "pluginId": "cordova-sqlite-storage",
      "clobbers": [
        "SQLitePlugin"
      ]
    },
    {
      "file": "plugins/cordova-sqlite-storage/node_modules/cordova-sqlite-storage-dependencies/sql-asm-memory-growth.js",
      "id": "cordova-sqlite-storage.sql",
      "pluginId": "cordova-sqlite-storage",
      "runs": true
    },
    {
      "file": "plugins/cordova-sqlite-storage/src/browser/SQLiteProxy.js",
      "id": "cordova-sqlite-storage.SQLiteProxy",
      "pluginId": "cordova-sqlite-storage",
      "runs": true
    }
  ],
  "plugin_metadata": {
    "cordova-sqlite-storage": "7.0.0"
  }
}
